time:2025-05-29 04:47:20, type:TEST, key:leds, c:0
time:2025-05-29 04:49:24, type:TEST, key:leds, c:0, e:2
time:2025-05-29 04:58:03, type:PICK, key:leds, e:10
time:2025-05-29 04:58:05, type:TEST, key:leds, c:0, e:10
time:2025-05-29 04:58:14, type:TEST, key:leds, c:0, e:10
time:2025-05-29 04:58:16, type:BACK, key:leds, e:10
time:2025-05-29 14:21:00, type:TEST, key:leds, c:0, e:10
time:2025-05-29 16:01:09, type:TEST, key:leds, c:0, e:10
time:2025-05-29 16:01:29, type:TEST, key:leds, c:0, e:11
time:2025-05-29 16:02:19, type:TEST, key:leds, c:0, e:12
time:2025-05-29 16:02:59, type:TEST, key:leds, c:0, e:12
time:2025-05-29 16:11:57, type:TEST, key:leds, c:0, e:21
time:2025-05-29 16:12:21, type:TEST, key:leds, c:0, e:22
time:2025-05-29 16:16:02, type:TEST, key:leds, c:0, e:25
time:2025-05-29 16:18:11, type:TEST, key:leds, c:0, e:27
time:2025-05-29 16:19:33, type:TEST, key:leds, c:0, e:29
time:2025-05-29 16:41:02, type:TEST, key:leds, c:0, e:50
time:2025-05-29 16:41:25, type:TEST, key:leds, c:0, e:51
time:2025-05-29 16:43:10, type:TEST, key:leds, c:0, e:52
time:2025-05-29 16:44:29, type:TEST, key:leds, c:0, e:54
time:2025-05-29 16:44:44, type:TEST, key:leds, c:0, e:54
time:2025-05-29 16:44:59, type:TEST, key:leds, c:0, e:54
time:2025-05-29 16:45:38, type:TEST, key:leds, c:0, e:55
time:2025-05-29 16:45:51, type:TEST, key:leds, c:0, e:55
time:2025-05-29 16:48:25, type:TEST, key:leds, c:0, e:58
time:2025-05-29 16:48:48, type:TEST, key:leds, c:0, e:58
time:2025-05-29 19:21:39, type:TEST, key:leds, c:0, e:58
time:2025-05-29 16:36:47, type:TEST, key:leds, c:0, e:58
time:2025-05-30 20:41:29, type:TEST, key:leds, c:0, e:58
time:2025-06-01 10:37:45, type:TEST, key:leds, c:0, e:58
time:2025-06-01 11:28:40, type:TEST, key:leds, c:0, e:109
time:2025-06-01 11:28:40, type:SIZE, key:leds, e:109, att:1, lines:28
time:2025-06-01 11:28:58, type:TEST, key:leds, c:0, e:109, att:1, lines:28
time:2025-06-01 11:28:58, type:SIZE, key:leds, e:109, att:2, lines:28
time:2025-06-01 11:29:13, type:TEST, key:leds, c:100, e:110, att:2, lines:28
time:2025-06-01 11:29:13, type:SIZE, key:leds, e:110, att:3, lines:28
time:2025-06-01 11:29:26, type:TEST, key:leds, c:50, e:110, att:3, lines:28
time:2025-06-01 11:29:26, type:SIZE, key:leds, e:110, att:4, lines:28
time:2025-06-02 09:19:45, type:TEST, key:leds, c:50, e:110, att:4, lines:28
time:2025-06-02 09:21:13, type:TEST, key:leds, c:50, e:111, att:4, lines:28
time:2025-06-02 09:22:08, type:TEST, key:leds, c:50, e:112, att:4, lines:28
time:2025-06-02 09:32:55, type:TEST, key:leds, c:50, e:123, att:4, lines:28
time:2025-06-02 09:34:09, type:TEST, key:leds, c:50, e:124, att:4, lines:28
time:2025-06-02 10:39:17, type:TEST, key:leds, c:50, e:124, att:4, lines:28
time:2025-06-02 10:39:37, type:TEST, key:leds, c:100, e:125, att:4, lines:28
time:2025-06-02 10:39:37, type:SIZE, key:leds, e:125, att:5, lines:28
time:2025-06-02 10:45:38, type:TEST, key:leds, c:100, e:131, att:5, lines:28
time:2025-06-02 10:45:51, type:TEST, key:leds, c:100, e:131, att:5, lines:28
time:2025-06-02 10:51:36, type:TEST, key:leds, c:100, e:136, att:5, lines:28
time:2025-06-02 10:52:29, type:TEST, key:leds, c:100, e:137, att:5, lines:28
time:2025-06-02 10:53:24, type:TEST, key:leds, c:100, e:138, att:5, lines:28
time:2025-06-02 10:53:57, type:TEST, key:leds, c:100, e:139, att:5, lines:28
time:2025-06-02 10:55:45, type:TEST, key:leds, c:100, e:141, att:5, lines:28
