time:2025-05-29 04:47:19, type:TEST, key:media, c:0
time:2025-05-29 04:49:23, type:TEST, key:media, c:0, e:2
time:2025-05-29 14:20:59, type:TEST, key:media, c:0, e:2
time:2025-05-29 16:01:08, type:TEST, key:media, c:0, e:2
time:2025-05-29 16:01:27, type:TEST, key:media, c:0, e:2
time:2025-05-29 16:02:18, type:TEST, key:media, c:0, e:3
time:2025-05-29 16:02:58, type:TEST, key:media, c:0, e:3
time:2025-05-29 16:11:56, type:TEST, key:media, c:0, e:12
time:2025-05-29 16:12:20, type:TEST, key:media, c:0, e:13
time:2025-05-29 16:16:01, type:TEST, key:media, c:0, e:16
time:2025-05-29 16:18:10, type:TEST, key:media, c:0, e:19
time:2025-05-29 16:19:33, type:TEST, key:media, c:0, e:20
time:2025-05-29 16:41:01, type:TEST, key:media, c:0, e:41
time:2025-05-29 16:41:25, type:TEST, key:media, c:0, e:42
time:2025-05-29 16:43:09, type:TEST, key:media, c:0, e:44
time:2025-05-29 16:44:28, type:TEST, key:media, c:0, e:45
time:2025-05-29 16:44:43, type:TEST, key:media, c:0, e:45
time:2025-05-29 16:44:58, type:TEST, key:media, c:0, e:45
time:2025-05-29 16:45:37, type:TEST, key:media, c:0, e:46
time:2025-05-29 16:45:50, type:TEST, key:media, c:0, e:46
time:2025-05-29 16:48:24, type:TEST, key:media, c:0, e:49
time:2025-05-29 16:48:47, type:TEST, key:media, c:0, e:49
time:2025-05-29 19:21:38, type:TEST, key:media, c:0, e:49
time:2025-05-29 16:36:45, type:TEST, key:media, c:0, e:49
time:2025-05-30 20:41:28, type:TEST, key:media, c:0, e:49
time:2025-06-01 10:37:47, type:TEST, key:media, c:0, e:49
time:2025-06-02 09:19:50, type:TEST, key:media, c:100, e:49
time:2025-06-02 09:19:50, type:SIZE, key:media, e:49, att:1, lines:9
time:2025-06-02 09:22:11, type:TEST, key:media, c:100, e:52, att:1, lines:9
time:2025-06-02 09:32:58, type:TEST, key:media, c:100, e:62, att:1, lines:9
time:2025-06-02 09:34:11, type:TEST, key:media, c:100, e:64, att:1, lines:9
time:2025-06-02 10:51:39, type:TEST, key:media, c:100, e:64, att:1, lines:9
time:2025-06-02 10:52:32, type:TEST, key:media, c:100, e:64, att:1, lines:9
time:2025-06-02 10:53:28, type:TEST, key:media, c:100, e:65, att:1, lines:9
time:2025-06-02 10:54:00, type:TEST, key:media, c:100, e:66, att:1, lines:9
time:2025-06-02 10:55:49, type:TEST, key:media, c:100, e:68, att:1, lines:9
time:2025-06-02 10:58:19, type:TEST, key:media, c:100, e:70, att:1, lines:9
time:2025-06-02 11:11:26, type:TEST, key:media, c:100, e:83, att:1, lines:9
