time:2025-06-11 16:12:15, type:DOWN, key:parkour
time:2025-06-12 09:14:22, type:TEST, key:parkour, c:0
time:2025-06-12 09:14:22, type:SIZE, key:parkour, att:1, lines:5
time:2025-06-12 09:14:44, type:TEST, key:parkour, c:0, e:0, att:1, lines:5
time:2025-06-12 09:17:06, type:TEST, key:parkour, c:0, e:2, att:1, lines:5
time:2025-06-12 09:17:34, type:TEST, key:parkour, c:0, e:3, att:1, lines:5
time:2025-06-12 09:18:52, type:TEST, key:parkour, c:0, e:4, att:1, lines:5
time:2025-06-12 09:21:30, type:TEST, key:parkour, c:0, e:7, att:1, lines:5
time:2025-06-12 12:49:19, type:TEST, key:parkour, c:0, e:7, att:1, lines:5
time:2025-06-12 12:49:45, type:TEST, key:parkour, c:0, e:7, att:1, lines:5
time:2025-06-12 12:51:59, type:TEST, key:parkour, c:0, e:9, att:1, lines:5
time:2025-06-12 12:53:06, type:TEST, key:parkour, c:0, e:10, att:1, lines:5
time:2025-06-12 12:55:24, type:TEST, key:parkour, c:0, e:13, att:1, lines:5
time:2025-06-12 12:57:51, type:TEST, key:parkour, c:0, e:15, att:1, lines:5
time:2025-06-12 12:58:07, type:TEST, key:parkour, c:0, e:15, att:1, lines:5
time:2025-06-12 12:58:24, type:TEST, key:parkour, c:0, e:16, att:1, lines:5
time:2025-06-12 12:59:25, type:TEST, key:parkour, c:0, e:17, att:1, lines:5
time:2025-06-12 13:00:50, type:TEST, key:parkour, c:0, e:18, att:1, lines:5
